path,area,preview
.codex-security-scans/openclaw-facebook/dc658e1_20260529T091956/report.html,.,"<!doctype html> <html> <head>   <meta charset=""utf-8"">   <title>Codex Security Scan Report</title>   <style>     body { font-family: Arial, sans-serif; line-height: 1.5; max-width: 980px; margin: 32px"
api.ts,.,"export type {   ChannelPlugin,   OpenClawConfig,   OpenClawPluginApi,   PluginRuntime, } from ""openclaw/plugin-sdk/core""; export type { ResolvedMessengerAccount } from ""./src/types.js""; export { messe"
apps/image-gen/.fallowrc.json,.,"{    ""ignoreDependencies"": [""mysql2""],    ""overrides"": [      {        ""files"": [""client/index.html""],        ""rules"": {          ""unresolved-imports"": ""off""        }      },      {        ""files"": ["""
apps/image-gen/client/index.html,.,"<!doctype html>  <html lang=""en"">      <head>      <meta charset=""UTF-8"" />      <meta        name=""viewport""        content=""width=device-width, initial-scale=1.0, maximum-scale=1"" />      <title>Lea"
apps/image-gen/client/src/App.tsx,.,"import Footer from ""./components/Footer"";  import { Toaster } from ""@/components/ui/sonner"";  import { TooltipProvider } from ""@/components/ui/tooltip"";  import { lazy, Suspense } from ""react"";  impor"
apps/image-gen/client/src/_core/hooks/useAuth.ts,.,"import { getLoginUrl } from ""@/const"";  import { trpc } from ""@/lib/trpc"";  import { useCallback, useEffect, useMemo } from ""react"";    type UseAuthOptions = {    redirectOnUnauthenticated?: boolean; "
apps/image-gen/client/src/components/ErrorBoundary.tsx,.,"import { cn } from ""@/lib/utils"";  import { AlertTriangle, RotateCcw } from ""lucide-react"";  import { Component, ReactNode } from ""react"";    interface Props {    children: ReactNode;  }    interface "
apps/image-gen/client/src/components/Footer.tsx,.,"export default function Footer() {    return (      <footer className=""border-t border-slate-800/50 bg-transparent py-3 text-center text-xs text-slate-400"">        <a          href=""https://leaderbot."
apps/image-gen/client/src/components/Map.tsx,.,/**   * GOOGLE MAPS FRONTEND INTEGRATION - ESSENTIAL GUIDE   *   * USAGE FROM PARENT COMPONENT:   * ======   *   * const mapRef = useRef<google.maps.Map | null>(null);   *   * <MapView   *   initialCe
apps/image-gen/client/src/components/ui/button.tsx,.,"import * as React from ""react"";  import { Slot } from ""@radix-ui/react-slot"";  import { cva, type VariantProps } from ""class-variance-authority"";    import { cn } from ""@/lib/utils"";    const buttonVa"
apps/image-gen/client/src/components/ui/card.tsx,.,"import * as React from ""react"";    import { cn } from ""@/lib/utils"";    function Card({ className, ...props }: React.ComponentProps<""div"">) {    return (      <div        data-slot=""card""        class"
apps/image-gen/client/src/components/ui/sonner.tsx,.,"import { useTheme } from ""next-themes"";  import { Toaster as Sonner, type ToasterProps } from ""sonner"";    const Toaster = ({ ...props }: ToasterProps) => {    const { theme = ""system"" } = useTheme();"
apps/image-gen/client/src/components/ui/tooltip.tsx,.,"import * as TooltipPrimitive from ""@radix-ui/react-tooltip"";    function TooltipProvider({    delayDuration = 0,    ...props  }: React.ComponentProps<typeof TooltipPrimitive.Provider>) {    return (  "
apps/image-gen/client/src/const.ts,.,"const getOptionalEnvString = (value: unknown): string | undefined => {    return typeof value === ""string"" ? value : undefined;  };    const OAUTH_STATE_COOKIE_NAME = ""lb_oauth_state_nonce"";    functi"
apps/image-gen/client/src/contexts/ThemeContext.tsx,.,"import React, { createContext, useContext, useEffect, useState } from ""react"";    type Theme = ""light"" | ""dark"";    interface ThemeContextType {    theme: Theme;    toggleTheme?: () => void;    switch"
apps/image-gen/client/src/hooks/useComposition.ts,.,"import { useRef } from ""react"";  import { usePersistFn } from ""./usePersistFn"";    export interface UseCompositionReturn<    T extends HTMLInputElement | HTMLTextAreaElement,  > {    onCompositionStar"
apps/image-gen/client/src/hooks/useFileUpload.ts,.,"/**   * useFileUpload - Hook for managing file upload state   *   * Handles:   * - File state tracking (uploading, success, error)   * - Immediate upload on add   * - Retry failed uploads   * - Previe"
apps/image-gen/client/src/hooks/useMobile.tsx,.,"import * as React from ""react"";    const MOBILE_BREAKPOINT = 768;    export function useIsMobile() {    const [isMobile, setIsMobile] = React.useState<boolean | undefined>(      undefined    );      R"
apps/image-gen/client/src/hooks/usePersistFn.ts,.,"import { useRef } from ""react"";    type GenericFunction<TArgs extends unknown[] = unknown[], TResult = unknown> = (    ...args: TArgs  ) => TResult;    /**   * usePersistFn instead of useCallback to r"
apps/image-gen/client/src/index.css,.,"@import ""tailwindcss"";  @import ""tw-animate-css"";    @custom-variant dark (&:is(.dark *));    @theme inline {    --radius-sm: calc(var(--radius) - 4px);    --radius-md: calc(var(--radius) - 2px);    -"
apps/image-gen/client/src/lib/trpc.ts,.,"import { createTRPCReact } from ""@trpc/react-query"";  import type { AppRouter } from ""../../../server/routers"";    export const trpc = createTRPCReact<AppRouter>();  "
apps/image-gen/client/src/lib/utils.ts,.,"import { clsx, type ClassValue } from ""clsx"";  import { twMerge } from ""tailwind-merge"";    export function cn(...inputs: ClassValue[]) {    return twMerge(clsx(inputs));  }  "
apps/image-gen/client/src/main.tsx,.,"import { trpc } from ""@/lib/trpc"";  import { UNAUTHED_ERR_MSG } from ""@shared/const"";  import { QueryClient, QueryClientProvider } from ""@tanstack/react-query"";  import { httpBatchLink, TRPCClientErro"
apps/image-gen/client/src/pages/Home.tsx,.,"import { Sparkles } from ""lucide-react"";    function Home() {    return (      <div className=""flex min-h-full items-center justify-center bg-gradient-to-br from-slate-950 via-slate-900 to-slate-950 p"
apps/image-gen/client/src/pages/NotFound.tsx,.,"import { Button } from ""@/components/ui/button"";  import { Card, CardContent } from ""@/components/ui/card"";  import { AlertCircle, Home } from ""lucide-react"";  import { useLocation } from ""wouter"";   "
apps/image-gen/client/src/pages/Terms.tsx,.,"function Terms() {    return (      <div className=""flex min-h-full items-center justify-center bg-gradient-to-br from-slate-950 via-slate-900 to-slate-950 px-4 py-12"">        <div className=""max-w-2x"
apps/image-gen/components.json,.,"{    ""$schema"": ""https://ui.shadcn.com/schema.json"",    ""style"": ""new-york"",    ""rsc"": false,    ""tsx"": true,    ""tailwind"": {      ""css"": ""client/src/index.css"",      ""baseColor"": ""neutral"",      ""cs"
apps/image-gen/drizzle.config.ts,.,"import { defineConfig } from ""drizzle-kit"";    const connectionString = process.env.DATABASE_URL;  if (!connectionString) {    throw new Error(""DATABASE_URL is required to run drizzle commands"");  }  "
apps/image-gen/drizzle/0000_romantic_the_call.sql,.,"CREATE TABLE `users` (  	`id` int AUTO_INCREMENT NOT NULL,  	`openId` varchar(64) NOT NULL,  	`name` text,  	`email` varchar(320),  	`loginMethod` varchar(64),  	`role` enum('user','admin') NOT NULL D"
apps/image-gen/drizzle/0001_big_the_phantom.sql,.,"CREATE TABLE `dailyQuota` (  	`id` int AUTO_INCREMENT NOT NULL,  	`userId` int NOT NULL,  	`date` varchar(10) NOT NULL,  	`imagesGenerated` int NOT NULL DEFAULT 0,  	`lastGeneratedAt` timestamp,  	`cr"
apps/image-gen/drizzle/0002_fix_daily_quota_unique.sql,.,"ALTER TABLE `dailyQuota` DROP INDEX `dailyQuota_userId_unique`;  ALTER TABLE `dailyQuota` ADD UNIQUE INDEX `dailyQuota_userId_date_unique`(`userId`,`date`);  "
apps/image-gen/drizzle/0003_fresh_the_anarchist.sql,.,"ALTER TABLE `dailyQuota` DROP INDEX `dailyQuota_userId_unique`;--> statement-breakpoint  ALTER TABLE `dailyQuota` ADD CONSTRAINT `dailyQuota_userId_date_unique` UNIQUE(`userId`,`date`);"
apps/image-gen/drizzle/meta/0000_snapshot.json,.,"{    ""version"": ""5"",    ""dialect"": ""mysql"",    ""id"": ""ab9e7651-7562-440a-8883-6a771f0d4cfa"",    ""prevId"": ""00000000-0000-0000-0000-000000000000"",    ""tables"": {      ""users"": {        ""name"": ""users"","
apps/image-gen/drizzle/meta/0001_snapshot.json,.,"{    ""version"": ""5"",    ""dialect"": ""mysql"",    ""id"": ""dcbeb210-7270-407d-8ac2-b1d59313bac7"",    ""prevId"": ""ab9e7651-7562-440a-8883-6a771f0d4cfa"",    ""tables"": {      ""dailyQuota"": {        ""name"": ""da"
apps/image-gen/drizzle/meta/0003_snapshot.json,.,"{    ""version"": ""5"",    ""dialect"": ""mysql"",    ""id"": ""9a49a510-c3a5-49f4-9134-51a674fb08d0"",    ""prevId"": ""dcbeb210-7270-407d-8ac2-b1d59313bac7"",    ""tables"": {      ""dailyQuota"": {        ""name"": ""da"
apps/image-gen/drizzle/meta/_journal.json,.,"{    ""version"": ""7"",    ""dialect"": ""mysql"",    ""entries"": [      {        ""idx"": 0,        ""version"": ""5"",        ""when"": 1771791967247,        ""tag"": ""0000_romantic_the_call"",        ""breakpoints"": t"
apps/image-gen/drizzle/relations.ts,.,"import {} from ""./schema"";  "
apps/image-gen/drizzle/schema.ts,.,"import { int, mysqlEnum, mysqlTable, text, timestamp, varchar, json, uniqueIndex } from ""drizzle-orm/mysql-core"";    /**   * Core user table backing auth flow.   * Extended with fields for tracking im"
apps/image-gen/eslint.config.mjs,.,"import js from ""@eslint/js"";  import eslintConfigPrettier from ""eslint-config-prettier"";  import importPlugin from ""eslint-plugin-import"";  import tseslint from ""typescript-eslint"";    export default "
apps/image-gen/fly.toml,.,"app = ""leaderbot-fb-image-gen""  primary_region = ""ams""    [build]    dockerfile = ""Dockerfile""    [env]    NODE_ENV = ""production""    PORT = ""8080""    # REDIS_URL must be provided via Fly secrets for "
apps/image-gen/package.json,.,"{    ""name"": ""leaderbot-fb-image-gen"",    ""version"": ""1.0.0"",    ""type"": ""module"",    ""license"": ""MIT"",    ""scripts"": {      ""build"": ""vite build && esbuild server/_core/index.ts --platform=node --pac"
apps/image-gen/public/badges/fallow-maintainability.json,.,"{    ""schemaVersion"": 1,    ""label"": ""fallow maintainability"",    ""message"": ""88.9"",    ""color"": ""brightgreen""  }  "
apps/image-gen/public/badges/fallow-metrics.json,.,"{    ""generatedAt"": ""2026-05-25T10:24:40.448Z"",    ""fallowVersion"": ""2.27.0"",    ""totalIssues"": 71,    ""functionsAboveThreshold"": 2,    ""functionsAnalyzed"": 2126,    ""filesScored"": 179,    ""coverageMo"
apps/image-gen/public/style-previews/manifest.json,.,"{    ""caricature"": {      ""tileIndex"": 0,      ""cropBox"": [        99,        0,        438,        352      ],      ""output"": ""public/style-previews/caricature.png""    },    ""storybook-anime"": {     "
apps/image-gen/scripts/check-docker-host.mjs,.,"const dockerHost = process.env.DOCKER_HOST;    console.log(`process.env.DOCKER_HOST = ${dockerHost ?? ""(unset)""}`);    if (!dockerHost) {    console.log(""DOCKER_HOST is not set. Docker will use the de"
apps/image-gen/scripts/check-fallow-gate.mjs,.,"import fs from ""node:fs"";    const [reportPath] = process.argv.slice(2);    if (!reportPath) {    console.error(""Usage: node scripts/check-fallow-gate.mjs <report.json>"");    process.exit(1);  }    co"
apps/image-gen/scripts/crop_style_previews.py,.,from __future__ import annotations    import json  from collections import deque  from pathlib import Path  from typing import Iterable    try:      from PIL import Image  except ModuleNotFoundError a
apps/image-gen/scripts/fallow-badge.mjs,.,"import fs from ""node:fs"";  import path from ""node:path"";    const [inputPath, badgePath, metricsPath] = process.argv.slice(2);    if (!inputPath || !badgePath || !metricsPath) {    console.error(     "
apps/image-gen/scripts/fetch_comments.py,.,"#!/usr/bin/env python3  """"""Print comments and review threads for the current branch's open PR.""""""    from __future__ import annotations    import argparse  import json  import subprocess  import sys  "
apps/image-gen/scripts/make_style_preview.py,.,"from __future__ import annotations    import argparse  from pathlib import Path    from PIL import Image, ImageDraw, ImageFont      def build_preview(source: Path, output: Path, label: str) -> None:  "
apps/image-gen/server/_core/activeExperience.ts,.,"type ActiveExperienceStatus =    | ""started""    | ""in_progress""    | ""resolving""    | ""completed""    | ""abandoned""    | ""failed"";    export type ActiveExperience = {    type: ""identity_game"";    id: s"
apps/image-gen/server/_core/adminAuth.ts,.,"import { timingSafeEqual } from ""node:crypto"";  import type express from ""express"";  import { safeLog } from ""./messengerApi"";  import { getRedisClient, isRedisEnabled } from ""./redis"";    const ADMIN"
apps/image-gen/server/_core/auth/index.ts,.,"export { registerOAuthRoutes } from ""../oauth"";  export { assertAuthConfig } from ""../env"";  "
apps/image-gen/server/_core/bodyParserErrorHandler.ts,.,"import type { ErrorRequestHandler } from ""express"";    type ParserError = Error & {    status?: number;    type?: string;  };    export const bodyParserErrorHandler: ErrorRequestHandler = (err, _req, "
apps/image-gen/server/_core/bot/defaultFeatures.ts,.,"import { hasBotFeature, registerBotFeature } from ""./features"";  import { rateLimitFeature } from ""./features/rateLimitFeature"";  import { styleCommandsFeature } from ""./features/styleCommandsFeature"""
apps/image-gen/server/_core/bot/features.ts,.,"import type {    BotErrorContext,    BotImageContext,    BotPayloadContext,    BotTextContext,    FeatureResult,  } from ""../botContext"";    export type BotFeature = {    name: string;    onText?(ctx:"
apps/image-gen/server/_core/bot/features/assistantCommandsFeature.ts,.,"import type { BotFeature } from ""../features"";  import { t } from ""../../i18n"";  import { type Style } from ""../../messengerStyles"";  import { STYLE_LABELS, STYLE_OPTIONS } from ""../../webhookHelpers"""
apps/image-gen/server/_core/bot/features/conversationalEditingFeature.ts,.,"import type { BotFeature } from ""../features"";  import { t } from ""../../i18n"";  import { DIRECTOR_GENERATION_STYLE } from ""../../image-generation/director/directorModes"";  import { normalizeStyle } f"
apps/image-gen/server/_core/bot/features/freeformTransformFeature.ts,.,"import type { BotFeature } from ""../features"";  import type { BotTextContext } from ""../../botContext"";  import { t } from ""../../i18n"";    const TRANSFORM_REQUEST_PATTERNS = [    /\bmake\s+(?:me|him|"
apps/image-gen/server/_core/bot/features/rateLimitFeature.ts,.,"import type { BotFeature } from ""../features"";  import { readScopedState, writeScopedState } from ""../../stateStore"";    const RATE_WINDOW_SECONDS = 60;  const RATE_LIMIT = 10;    type RateLimitBucket"
apps/image-gen/server/_core/bot/features/statsFeature.ts,.,"import type { BotFeature } from ""../features"";    function isAdmin(psid: string, userId: string): boolean {    const configured = (process.env.MESSENGER_ADMIN_IDS ?? """")      .split("","")      .map(val"
apps/image-gen/server/_core/bot/features/styleCommandsFeature.ts,.,"import type { Style } from ""../../messengerStyles"";  import { t } from ""../../i18n"";  import { normalizeStyle } from ""../../webhookHelpers"";  import type { BotFeature } from ""../features"";    function"
apps/image-gen/server/_core/bot/index.ts,.,"export {    captureMetaWebhookRawBody as captureBotWebhookRawBody,    verifyMetaWebhookSignature as verifyBotWebhookSignature,  } from ""../webhookSignatureVerification"";  export {    registerMetaWebho"
apps/image-gen/server/_core/botContext.ts,.,"import type { Lang } from ""./i18n"";  import type {    BotChannel,    BotChannelCapabilities,  } from ""./normalizedInboundMessage"";  import type {    ConversationState,    MessengerUserState,  } from """
apps/image-gen/server/_core/botResponse.ts,.,"export type BotResponse =    | {        kind: ""text"";        text: string;      }    | {        kind: ""options_prompt"";        prompt: string;        options: Array<{          id: string;          tit"
apps/image-gen/server/_core/botResponseAdapters.ts,.,"import type { ConversationState } from ""./messengerState"";  import type { BotResponse } from ""./botResponse"";    function assertNever(_value: never): void {}    type BotResponseSendOptions = {    repl"
apps/image-gen/server/_core/botRuntimeStats.ts,.,"import type { Style } from ""./messengerStyles"";    export type GenerationStatsSnapshot = {    date: string;    imagesGeneratedToday: number;    activeUsersToday: number;    stylesUsedToday: number;   "
apps/image-gen/server/_core/consentService.ts,.,"import { deleteUserData } from ""./dataDeletionService"";  import type { Lang } from ""./i18n"";  import type { QuickReply } from ""./messengerApi"";  import {    setConsentState,    setPendingDeleteConfirm"
apps/image-gen/server/_core/context.ts,.,"import type { CreateExpressContextOptions } from ""@trpc/server/adapters/express"";  import type { User } from ""../../drizzle/schema"";  import { sdk } from ""./sdk"";    export type TrpcContext = {    req"
apps/image-gen/server/_core/conversationalEditInterpreter.ts,.,"import type { Lang } from ""./i18n"";  import {    DIRECTOR_MODE_CONFIGS,    directorPayloadToMode,  } from ""./image-generation/director/directorModes"";  import type { DirectorMode } from ""./image-gener"
apps/image-gen/server/_core/cookies.ts,.,"import type { CookieOptions, Request } from ""express"";    function isSecureRequest(req: Request) {    if (req.protocol === ""https"") return true;      const forwardedProto = req.headers[""x-forwarded-pr"
apps/image-gen/server/_core/dataDeletionService.ts,.,"import { storageDelete, storageKeyFromPublicUrl } from ""../storage"";  import { deleteFaceMemoryForUser } from ""./faceMemory"";  import { safeLog } from ""./messengerApi"";  import { deleteMessengerGenera"
apps/image-gen/server/_core/entryIntent.ts,.,"import type { BotChannel } from ""./normalizedInboundMessage"";    type EntryMode = ""auto_start"" | ""confirm_first"";    type EntrySourceType =    | ""deep_link""    | ""postback""    | ""organic_message""    |"
apps/image-gen/server/_core/env.ts,.,"export const ENV = {    appId: process.env.VITE_APP_ID ?? """",    cookieSecret: process.env.JWT_SECRET ?? """",    databaseUrl: process.env.DATABASE_URL ?? """",    oAuthServerUrl: process.env.OAUTH_SERVER"
apps/image-gen/server/_core/experienceRouter.ts,.,"import type { ActiveExperience, IdentityGameSession } from ""./activeExperience"";  import type { BotResponse } from ""./botResponse"";  import type { EntryIntent } from ""./entryIntent"";  import { normali"
apps/image-gen/server/_core/faceMemory.ts,.,"import type express from ""express"";  import {    clearFaceMemoryState,    getState,    getOrCreateState,    rememberFaceSourceImage,    setPendingSourceImageDeleteUrl,    type MessengerUserState,  } f"
apps/image-gen/server/_core/faceMemoryRetention.ts,.,const DEFAULT_FACE_MEMORY_RETENTION_DAYS = 30;  const FACE_MEMORY_STATE_TTL_BUFFER_DAYS = 2;    export function getFaceMemoryRetentionDays(): number {    const parsed = Number(process.env.FACE_MEMORY_
apps/image-gen/server/_core/gameRegistry.ts,.,"import type { IdentityGameSession } from ""./activeExperience"";  import type { BotResponse } from ""./botResponse"";  import type { EntryIntent } from ""./entryIntent"";  import { t, type Lang } from ""./i1"
apps/image-gen/server/_core/generatedImageStore.ts,.,"import { createHash, randomUUID } from ""node:crypto"";    const DEFAULT_TTL_MS = 5 * 60 * 1000;  const DEFAULT_MAX_ITEMS = 200;    type StoredImage = {    buffer: Buffer;    contentType: string;    exp"
apps/image-gen/server/_core/generationDiagnostics.ts,.,"import { toUserKey } from ""./privacy"";    type GenerationDiagnosticInput = {    generationId: string;    senderId: string;    style: string;    success: boolean;    failureReason?: string;    duration"
apps/image-gen/server/_core/generationFlow.ts,.,"import {    createImageGenerator,    type ImageProvider,  } from ""./imageService"";  import {    GenerationTimeoutError,    MissingAppBaseUrlError,    MissingObjectStorageConfigError,    MissingOpenAiA"
apps/image-gen/server/_core/generationGuard.ts,.,"import { randomUUID } from ""node:crypto"";  import {    deleteEphemeralKeyIfValue,    hasEphemeralKey,    isRedisStateStoreEnabled,    setEphemeralKey,    setEphemeralKeyIfAbsent,  } from ""./stateStore"
apps/image-gen/server/_core/httpRateLimit.ts,.,"import type express from ""express"";  import { ensureRedisReady, getRedisClient, isRedisEnabled } from ""./redis"";    const DEFAULT_WINDOW_MS = 60_000;  const DEFAULT_MAX_REQUESTS = 120;  const DEFAULT_"
apps/image-gen/server/_core/i18n.ts,.,"export type Lang = ""nl"" | ""en"";    type TranslationParams = {    link?: string;    styleLabel?: string;  };    type TranslationKey =    | ""flowExplanation""    | ""identityGameConfirmFirstPrompt""    | """
apps/image-gen/server/_core/identityAiV1.ts,.,"import { randomUUID } from ""node:crypto"";  import type { IdentityGameSession } from ""./activeExperience"";  import type { BotResponse } from ""./botResponse"";  import { createImageGenerator } from ""./im"
apps/image-gen/server/_core/identityGameSessionState.ts,.,"import type { ActiveExperience, IdentityGameSession } from ""./activeExperience"";  import {    deleteScopedState,    isPromiseLike,    readScopedState,    type MaybePromise,    writeScopedState,  } fro"
apps/image-gen/server/_core/identityGameVariants.ts,.,"import type { Express, Request, Response } from ""express"";  import net from ""node:net"";  import { z } from ""zod"";    const IDENTITY_GAME_CANONICAL_DOMAIN = ""leaderbot.live"";  const DEFAULT_SHARE_TITLE"
apps/image-gen/server/_core/image-generation/director/directorModes.ts,.,"import type { DirectorMode, DirectorModeConfig } from ""./directorTypes"";  import type { Style } from ""../../messengerStyles"";    export const DIRECTOR_GENERATION_STYLE: Style = ""cinematic"";    export "
apps/image-gen/server/_core/image-generation/director/directorPacks.ts,.,"import { DIRECTOR_MODES } from ""./directorModes"";  import type {    DirectorMode,    DirectorPackConfig,    DirectorPackId,  } from ""./directorTypes"";    export const DIRECTOR_PACKS = {    diva_editio"
apps/image-gen/server/_core/image-generation/director/directorPhotoAnalyzer.ts,.,"import type { DownloadedSourceImage } from ""../sourceImageFetcher"";  import { extractResponseText } from ""../../openai/responseText"";  import { postResponsesPayload } from ""../../openai/responsesClien"
apps/image-gen/server/_core/image-generation/director/directorPromptBuilder.ts,.,"import { getDirectorModeConfig } from ""./directorModes"";  import type { DirectorPromptInput } from ""./directorTypes"";    function optionalText(value: string | undefined, fallback: string): string {   "
apps/image-gen/server/_core/image-generation/director/directorSocialCopy.ts,.,"import { getDirectorModeConfig } from ""./directorModes"";  import type { DirectorMode } from ""./directorTypes"";  import type { Lang } from ""../../i18n"";  import {    extractResponseText,    trimmedText"
apps/image-gen/server/_core/image-generation/director/directorTypes.ts,.,"export type DirectorMode =    | ""midnight_luxury""    | ""berlin_underground""    | ""vogue_editorial""    | ""hyperpop_idol""    | ""old_money"";    export type DirectorModeConfig = {    mode: DirectorMode;  "
apps/image-gen/server/_core/image-generation/generatedImagePublisher.ts,.,"import { randomUUID } from ""node:crypto"";  import type { Style } from ""../messengerStyles"";  import { storagePut } from ""../../storage"";  import {    buildGeneratedImageUrl,    hashGeneratedImageToken"
apps/image-gen/server/_core/image-generation/imageServiceConfig.ts,.,"import {    MissingAppBaseUrlError,    MissingObjectStorageConfigError,  } from ""./imageServiceErrors"";    type OpenAiImageModelConfig = {    imageGenerationModel: string;  };    const DEFAULT_OPENAI_"
apps/image-gen/server/_core/image-generation/imageServiceErrors.ts,.,export class InvalidGenerationInputError extends Error {}  export class MissingOpenAiApiKeyError extends Error {}  export class GenerationTimeoutError extends Error {}  export class MissingAppBaseUrlE
apps/image-gen/server/_core/image-generation/index.ts,.,"export { getGeneratorStartupConfig } from ""../imageService"";  "
apps/image-gen/server/_core/image-generation/openAiImageClient.ts,.,"import { getOpenAiImageModelConfig } from ""./imageServiceConfig"";    class OpenAiGenerationError extends Error {}  export class OpenAiBudgetExceededError extends Error {}    export type GenerationMetr"
apps/image-gen/server/_core/image-generation/promptBuilder.ts,.,"import { type Style } from ""../messengerStyles"";    const STYLE_PROMPTS = {    caricature:      ""Transform this photo into a high-end caricature portrait with playfully exaggerated facial proportions,"
apps/image-gen/server/_core/image-generation/sourceImageFetcher.ts,.,"import { randomUUID } from ""node:crypto"";  import { lookup } from ""node:dns/promises"";  import net from ""node:net"";  import os from ""node:os"";  import fs from ""fs/promises"";  import path from ""path""; "
apps/image-gen/server/_core/imageProof.ts,.,"import { createHash } from ""crypto"";    export function sha256(buf: Buffer): string {    return createHash(""sha256"").update(buf).digest(""hex"");  }    export function safeLen(buf?: Buffer): number {   "
apps/image-gen/server/_core/imageService.ts,.,"import { type Style } from ""./messengerStyles"";  import { safeLen, sha256 } from ""./imageProof"";  import { buildDirectorPrompt } from ""./image-generation/director/directorPromptBuilder"";  import { ana"
apps/image-gen/server/_core/inbound/whatsappInbound.ts,.,"import { toUserKey } from ""../privacy"";  import type { NormalizedInboundMessage } from ""../normalizedInboundMessage"";    export function isWhatsAppWebhookPayload(    payload: unknown  ): payload is { "
apps/image-gen/server/_core/index.ts,.,"import ""dotenv/config"";  import { initSentry } from ""./observability/sentry"";    initSentry();    import express from ""express"";  import path from ""path"";  import { createServer } from ""http"";  import"
apps/image-gen/server/_core/internalImageRequestRoutes.ts,.,"import type { Express, Request, Response } from ""express"";  import rateLimit from ""express-rate-limit"";  import { z } from ""zod"";  import {    processFacebookWebhookPayload,    processInternalMessenge"
apps/image-gen/server/_core/logLevel.ts,.,"const LOG_LEVEL = (process.env.LOG_LEVEL ?? ""info"").toLowerCase();    export function isDebugLogEnabled(): boolean {    return LOG_LEVEL === ""debug"";  }      "
apps/image-gen/server/_core/logger.ts,.,"export type LogLevel = ""debug"" | ""info"" | ""error"";    type LogFields = Record<string, unknown>;    type LoggerOptions = {    reqId?: string;    debugEnabled?: boolean;  };    function emit(level: Excl"
apps/image-gen/server/_core/messenger/index.ts,.,"export { registerMetaWebhookRoutes } from ""../meta/webhookRoutes"";  export {    captureMetaWebhookRawBody,    verifyMetaWebhookSignature,  } from ""../webhookSignatureVerification"";  "
apps/image-gen/server/_core/messengerApi.ts,.,"import { hasOpenMessengerResponseWindow } from ""./messengerState"";  import { summarizeSensitiveUrl } from ""./utils/urlSummarizer"";    const GRAPH_API_VERSION = ""v21.0"";    type QuickReply = {    conte"
apps/image-gen/server/_core/messengerExperienceRouting.ts,.,"import type { ActiveExperience } from ""./activeExperience"";  import type { BotResponse } from ""./botResponse"";  import { sendMessengerBotResponse } from ""./botResponseAdapters"";  import type { EntryIn"
apps/image-gen/server/_core/messengerGenerationCompletion.ts,.,"import { randomUUID } from ""node:crypto"";  import {    deleteScopedState,    deleteEphemeralKeyIfValue,    readScopedState,    setEphemeralKeyIfAbsent,    writeScopedState,    type MaybePromise,  } fr"
apps/image-gen/server/_core/messengerGenerationJob.ts,.,"import type { Lang } from ""./i18n"";  import type { DirectorMode } from ""./image-generation/director/directorTypes"";  import type { Style } from ""./messengerStyles"";    export type MessengerGenerationJ"
apps/image-gen/server/_core/messengerGenerationQueue.ts,.,"import { getRedisClient, isRedisEnabled, type RedisLike } from ""./redis"";  import { safeLog } from ""./messengerApi"";  import type { MessengerGenerationJob } from ""./messengerGenerationJob"";    export "
apps/image-gen/server/_core/messengerGenerationWorker.ts,.,"import {    drainMessengerGenerationQueue,    isMessengerGenerationQueueEnabled,    reclaimReservedMessengerGenerationJobs,  } from ""./messengerGenerationQueue"";  import {    processMessengerGeneratio"
apps/image-gen/server/_core/messengerImageIngress.ts,.,"import { safeLog } from ""./messengerApi"";  import type { Style } from ""./messengerStyles"";  import { ingestExternalSourceImage } from ""./sourceImageStore"";  import { summarizeSensitiveUrl } from ""./ut"
apps/image-gen/server/_core/messengerInboundActivity.ts,.,"import { setLastUserMessageAt } from ""./messengerState"";  import type { InboundEventClassification } from ""./messengerInboundClassification"";  import type { FacebookWebhookEvent } from ""./webhookHelpe"
apps/image-gen/server/_core/messengerInboundClassification.ts,.,"import {    FACE_MEMORY_CONSENT_NO,    FACE_MEMORY_CONSENT_YES,  } from ""./faceMemory"";  import {    detectAck,    type FacebookWebhookEvent,    styleCategoryPayloadToCategory,    stylePayloadToStyle,"
apps/image-gen/server/_core/messengerPayloadRouting.ts,.,"import type { BotPayloadContext } from ""./botContext"";  import type { Lang } from ""./i18n"";  import type { MessengerUserState } from ""./messengerState"";  import type { Style, StyleCategory } from ""./m"
apps/image-gen/server/_core/messengerQuota.ts,.,"import { getDayKey } from ""./messengerStateNormalization"";  import { getOrCreateState, type MessengerUserState } from ""./messengerState"";  import { updateStoredState } from ""./stateStore"";    const FR"
apps/image-gen/server/_core/messengerState.ts,.,"import type { Style, StyleCategory } from ""./messengerStyles"";  import {    STYLE_CATEGORY_CONFIGS,    getStylesForCategory,  } from ""./messengerStyles"";  import type { ActiveExperience } from ""./acti"
apps/image-gen/server/_core/messengerStateNormalization.ts,.,"import { toUserKey } from ""./privacy"";  import type {    MessengerFlowState,    MessengerUserState,  } from ""./messengerState"";    type PartialState = Partial<MessengerUserState>;    type StateNormali"
apps/image-gen/server/_core/messengerStatePersistence.ts,.,"import {    findInMemoryState,    getOrCreateStoredState,    isPromiseLike,    isRedisStateStoreEnabled,    readState,    updateStoredState,    writeState,    type MaybePromise,  } from ""./stateStore"""
apps/image-gen/server/_core/messengerStyles.ts,.,"export type Style =    | ""caricature""    | ""storybook-anime""    | ""afroman-americana""    | ""gold""    | ""petals""    | ""clouds""    | ""cinematic""    | ""disco""    | ""cyberpunk""    | ""oil-paint""    | ""norm"
apps/image-gen/server/_core/messengerWebhook.ts,.,"import { normalizeLang, t, type Lang } from ""./i18n"";  import { createWebhookHandlers } from ""./webhookHandlers"";  import { resetWebhookReplayProtection } from ""./webhookReplayProtection"";  import typ"
apps/image-gen/server/_core/meta/webhookIngressQueue.ts,.,"import { createHash } from ""node:crypto"";  import {    ensureRedisReady,    getRedisClient,    isRedisEnabled,    type RedisLike,    resetRedisClientForTests,  } from ""../redis"";  import { safeLog } f"
apps/image-gen/server/_core/meta/webhookRoutes.ts,.,"import express from ""express"";  import rateLimit from ""express-rate-limit"";  import { z, ZodError } from ""zod"";  import { facebookWebhookPayloadSchema } from ""../webhookSchemas"";  import {    isWhatsA"
apps/image-gen/server/_core/normalizedInboundMessage.ts,.,"export type BotChannel = ""messenger"" | ""whatsapp"";    export type BotChannelCapabilities = {    quickReplies: boolean;    richTemplates: boolean;  };    export type NormalizedInboundMessage = {    cha"
apps/image-gen/server/_core/notification.ts,.,"import { TRPCError } from ""@trpc/server"";  import { ENV } from ""./env"";    export type NotificationPayload = {    title: string;    content: string;  };    const TITLE_MAX_LENGTH = 1200;  const CONTEN"
apps/image-gen/server/_core/oauth.ts,.,"import { COOKIE_NAME, ONE_YEAR_MS } from ""@shared/const"";  import { parse as parseCookieHeader } from ""cookie"";  import type { Express, Request, Response } from ""express"";  import { z } from ""zod"";  i"
apps/image-gen/server/_core/observability.ts,.,"import { randomBytes, randomUUID } from ""node:crypto"";  import type express from ""express"";  import { getMessengerGenerationGlobalLimitStats } from ""./generationGuard"";  import {    getMessengerGenera"
apps/image-gen/server/_core/observability/sentry.ts,.,"import * as Sentry from ""@sentry/node"";    export function initSentry() {    const dsn = process.env.SENTRY_DSN;    if (!dsn) {      console.log(""[Sentry] disabled (no DSN)"");      return;    }      S"
apps/image-gen/server/_core/openai/responseText.ts,.,"function objectValue(value: unknown): Record<string, unknown> | null {    return typeof value === ""object"" && value !== null      ? (value as Record<string, unknown>)      : null;  }    export functio"
apps/image-gen/server/_core/openai/responsesClient.ts,.,"const RESPONSES_API_URL = ""https://api.openai.com/v1/responses"";    export async function postResponsesPayload(input: {    payload: unknown;    timeoutMs: number;  }): Promise<Response | undefined> { "
apps/image-gen/server/_core/privacy.ts,.,"import { createHmac } from ""crypto"";    function getPrivacyPepper(): string {    const pepper = process.env.PRIVACY_PEPPER?.trim();      if (!pepper) {      throw new Error(""PRIVACY_PEPPER is required"
apps/image-gen/server/_core/readiness.ts,.,"import type express from ""express"";  import { assertProductionImageStorageConfig } from ""./image-generation/imageServiceConfig"";  import {    assertMessengerGenerationQueueConfig,    getMessengerGener"
apps/image-gen/server/_core/redis.ts,.,"export type RedisLike = {    ping(): Promise<string>;    get(key: string): Promise<string | null>;    scan(      cursor: string,      ...args: Array<string | number>    ): Promise<[string, string[]]>;"
apps/image-gen/server/_core/sdk.ts,.,"import { AXIOS_TIMEOUT_MS, COOKIE_NAME, ONE_YEAR_MS } from ""@shared/const"";  import { ForbiddenError } from ""@shared/_core/errors"";  import axios, { type AxiosInstance } from ""axios"";  import { parse "
apps/image-gen/server/_core/securityHeaders.ts,.,"import type { Express, Request, Response, NextFunction } from ""express"";    function isSecureRequest(req: Request): boolean {    if (req.protocol === ""https"") {      return true;    }      const forwa"
apps/image-gen/server/_core/sharedTextHandler.ts,.,"import { t, type Lang } from ""./i18n"";  import type { ConversationState, MessengerUserState } from ""./messengerState"";  import { safeLog } from ""./messengerApi"";  import { detectAck, getGreetingRespon"
apps/image-gen/server/_core/sourceImageStore.ts,.,"import { randomUUID } from ""node:crypto"";  import {    buildGeneratedImageUrl,    putGeneratedImage,  } from ""./generatedImageStore"";  import {    assertProductionImageStorageConfig,    getRequiredPub"
apps/image-gen/server/_core/stateResponseText.ts,.,"import { type Lang, t } from ""./i18n"";  import {    getQuickRepliesForState,    type ConversationState,    type StateQuickReply,  } from ""./messengerState"";    function localizeReplyTitle(reply: State"
apps/image-gen/server/_core/stateStore.ts,.,"import { ensureRedisReady, getRedisClient, isRedisEnabled } from ""./redis"";  import { getFaceMemoryStateTtlSeconds } from ""./faceMemoryRetention"";    const STATE_TTL_SECONDS = 172800;    export type M"
apps/image-gen/server/_core/systemRouter.ts,.,"import { z } from ""zod"";  import { notifyOwner } from ""./notification"";  import { adminProcedure, publicProcedure, router } from ""./trpc"";    export const systemRouter = router({    health: publicProc"
apps/image-gen/server/_core/trpc.ts,.,"import { NOT_ADMIN_ERR_MSG, UNAUTHED_ERR_MSG } from '@shared/const';  import { initTRPC, TRPCError } from ""@trpc/server"";  import superjson from ""superjson"";  import type { TrpcContext } from ""./conte"
apps/image-gen/server/_core/types/cookie.d.ts,.,"declare module ""cookie"" {    export function parse(      str: string,      options?: Record<string, unknown>    ): Record<string, string>;  }  "
apps/image-gen/server/_core/types/manusTypes.ts,.,// WebDev Auth TypeScript types  // Auto-generated from protobuf definitions  // Generated on: 2025-09-24T05:57:57.338Z    export interface AuthorizeRequest {    redirectUri: string;    projectId: str
apps/image-gen/server/_core/utils/urlSummarizer.ts,.,"import { createHash } from ""node:crypto"";    export function summarizeSensitiveUrl(url: string): { host: string; shortHash: string } {    const shortHash = createHash(""sha256"").update(url).digest(""hex"
apps/image-gen/server/_core/vite.ts,.,"import express, { type Express } from ""express"";  import fs from ""fs"";  import { type Server } from ""http"";  import { nanoid } from ""nanoid"";  import path from ""path"";  import { createGlobalHttpRateLi"
apps/image-gen/server/_core/webhookHandlers.ts,.,"import {    sendButtonTemplate,    sendGenericTemplate,    sendImage,    sendQuickReplies,    sendText,    safeLog,  } from ""./messengerApi"";  import type { MessengerSendOutcome } from ""./messengerApi"
apps/image-gen/server/_core/webhookHelpers.ts,.,"import { createHash } from ""node:crypto"";  import { normalizeLang, t, type Lang } from ""./i18n"";  import {    getStyleRepliesForCategory,    getQuickRepliesForState,    type ConversationState,  } from"
apps/image-gen/server/_core/webhookPayloadBranch.ts,.,"import {    declineFaceMemory,    getOrCreateState,    rememberFaceSourceImage,    setFaceMemoryConsentGiven,    setFlowState,    setPreselectedStyle,    setSelectedStyleCategory,  } from ""./messenger"
apps/image-gen/server/_core/webhookReplayProtection.ts,.,"import { ensureRedisReady, getRedisClient, isRedisEnabled } from ""./redis"";    const DEFAULT_REPLAY_TTL_SECONDS = 300;  const DEFAULT_MAX_REPLAY_KEYS = 10000;  const REPLAY_KEY_PREFIX = ""webhook-repla"
apps/image-gen/server/_core/webhookSchemas.ts,.,"import { z } from ""zod"";    const nonEmptyString = z.string().trim().min(1);    const messengerAttachmentSchema = z    .object({      type: nonEmptyString.optional(),      payload: z        .object({ "
apps/image-gen/server/_core/webhookSignatureVerification.ts,.,"import { createHmac, timingSafeEqual } from ""node:crypto"";  import type { Request, Response, NextFunction } from ""express"";    type MetaWebhookRequest = Request & { rawBody?: Buffer };    /**   * Veri"
apps/image-gen/server/_core/webhookTrackedContext.ts,.,"import type { MessengerSendOutcome } from ""./messengerApi"";  import { safeLog } from ""./messengerApi"";  import { toLogUser, toUserKey } from ""./privacy"";  import type { HandlerContext } from ""./webhoo"
apps/image-gen/server/_core/whatsappApi.ts,.,"import { getEnv } from ""./env"";  import { createLogger } from ""./logger"";    const GRAPH_API_VERSION = ""v19.0"";  const logger = createLogger({});    export type WhatsAppReplyButton = {    id: string; "
apps/image-gen/server/_core/whatsappFlows/styleGenerationFlow.ts,.,"import { executeGenerationFlow } from ""../generationFlow"";  import {    formatDirectorSocialCopy,    generateDirectorSocialCopy,  } from ""../image-generation/director/directorSocialCopy"";  import { ge"
apps/image-gen/server/_core/whatsappFlows/styleSelectionFlow.ts,.,"import { t, type Lang } from ""../i18n"";  import {    DIRECTOR_MODE_CONFIGS,    DIRECTOR_GENERATION_STYLE,    directorPayloadToMode,  } from ""../image-generation/director/directorModes"";  import type {"
apps/image-gen/server/_core/whatsappHandlers/imageHandler.ts,.,"import { downloadWhatsAppMedia } from ""../whatsappApi"";  import { storeInboundSourceImage } from ""../sourceImageStore"";  import { toLogUser } from ""../privacy"";  import { t } from ""../i18n"";  import {"
apps/image-gen/server/_core/whatsappHandlers/interactiveHandler.ts,.,"import type { NormalizedWhatsAppEvent, WhatsAppHandlerContext } from ""../whatsappTypes"";  import { handleWhatsAppTextEvent } from ""./textHandler"";    export async function handleWhatsAppInteractiveEve"
apps/image-gen/server/_core/whatsappHandlers/textContext.ts,.,"import { getBotFeatures } from ""../bot/features"";  import type { BotLogger, BotTextContext } from ""../botContext"";  import { getTodayRuntimeStats } from ""../botRuntimeStats"";  import {    setFlowState"
apps/image-gen/server/_core/whatsappHandlers/textHandler.ts,.,"import { handleSharedTextMessage } from ""../sharedTextHandler"";  import {    getOrCreateState,    markIntroSeen,    setFlowState,    type ConversationState,  } from ""../messengerState"";  import { reso"
apps/image-gen/server/_core/whatsappResponseService.ts,.,"import { sendWhatsAppBotResponse } from ""./botResponseAdapters"";  import type { BotResponse } from ""./botResponse"";  import type { Lang } from ""./i18n"";  import type { QuickReply } from ""./messengerAp"
apps/image-gen/server/_core/whatsappRouting.ts,.,"import { routeActiveExperience, routeEntryIntent } from ""./experienceRouter"";  import {    getOrCreateState,    setActiveExperience,    setLastEntryIntent,    type MessengerUserState,  } from ""./messe"
apps/image-gen/server/_core/whatsappTypes.ts,.,"import type { Lang } from ""./i18n"";  import type { NormalizedInboundMessage } from ""./normalizedInboundMessage"";    export type NormalizedWhatsAppEvent = NormalizedInboundMessage & {    channel: ""what"
apps/image-gen/server/_core/whatsappWebhook.ts,.,"import { createHash, randomUUID } from ""node:crypto"";  import { normalizeLang, t } from ""./i18n"";  import { getOrCreateState, setLastUserMessageAt } from ""./messengerState"";  import { toLogUser } from"
apps/image-gen/server/adminAuth.test.ts,.,"import http from ""node:http"";  import express from ""express"";  import { afterEach, describe, expect, it, vi } from ""vitest"";  import { bindTestHttpServer } from ""./testHttpServer"";    const { getRedis"
apps/image-gen/server/auth.logout.test.ts,.,"import { describe, expect, it } from ""vitest"";  import { appRouter } from ""./routers"";  import { COOKIE_NAME } from ""../shared/const"";  import type { TrpcContext } from ""./_core/context"";    type Cook"
apps/image-gen/server/bodyParserErrorHandler.test.ts,.,"import http from ""node:http"";  import express from ""express"";  import { describe, expect, it } from ""vitest"";  import { bodyParserErrorHandler } from ""./_core/bodyParserErrorHandler"";  import { bindTe"
apps/image-gen/server/botFeatures.test.ts,.,"import { beforeEach, describe, expect, it, vi } from ""vitest"";    const {    sendImageMock,    sendQuickRepliesMock,    sendTextMock,    safeLogMock,  } = vi.hoisted(() => ({    sendImageMock: vi.fn(a"
apps/image-gen/server/botFeatures.unit.test.ts,.,"import { describe, expect, it, vi } from ""vitest"";  import { ensureDefaultBotFeaturesRegistered } from ""./_core/bot/defaultFeatures"";  import { assistantCommandsFeature } from ""./_core/bot/features/as"
apps/image-gen/server/botResponseAdapters.test.ts,.,"import { describe, expect, it, vi } from ""vitest"";  import {    sendMessengerBotResponse,    sendWhatsAppBotResponse,  } from ""./_core/botResponseAdapters"";    describe(""botResponseAdapters"", () => { "
apps/image-gen/server/conversationalEditInterpreter.test.ts,.,"import { afterEach, describe, expect, it, vi } from ""vitest"";  import {    interpretConversationalEdit,    looksLikePossibleEditRequest,  } from ""./_core/conversationalEditInterpreter"";    describe(""c"
apps/image-gen/server/cookies.test.ts,.,"import { describe, expect, it } from ""vitest"";  import type { Request } from ""express"";    import { getSessionCookieOptions } from ""./_core/cookies"";    function buildRequest(overrides?: Partial<Reque"
apps/image-gen/server/dataDeletionService.test.ts,.,"import { afterEach, beforeEach, describe, expect, it } from ""vitest"";  import { deleteUserData } from ""./_core/dataDeletionService"";  import {    getMessengerGenerationCompletion,    markMessengerGene"
apps/image-gen/server/db.ts,.,"import { eq, and, sql } from ""drizzle-orm"";  import { drizzle } from ""drizzle-orm/mysql2"";  import { InsertUser, users, imageRequests, dailyQuota, usageStats, notificationLog, messengerState, InsertIm"
apps/image-gen/server/directorPacks.test.ts,.,"import { describe, expect, it } from ""vitest"";  import { DIRECTOR_MODES } from ""./_core/image-generation/director/directorModes"";  import {    DIRECTOR_PACK_CONFIGS,    DIRECTOR_PACKS,    directorPack"
apps/image-gen/server/directorPromptBuilder.test.ts,.,"import { describe, expect, it } from ""vitest"";  import { DIRECTOR_MODES } from ""./_core/image-generation/director/directorModes"";  import { buildDirectorPrompt } from ""./_core/image-generation/directo"
apps/image-gen/server/directorSocialCopy.test.ts,.,"import { afterEach, describe, expect, it, vi } from ""vitest"";  import {    formatDirectorSocialCopy,    generateDirectorSocialCopy,  } from ""./_core/image-generation/director/directorSocialCopy"";    d"
apps/image-gen/server/entryIntent.test.ts,.,"import { describe, expect, it } from ""vitest"";  import { parseGameEntryIntent } from ""./_core/entryIntent"";    describe(""entryIntent parsing"", () => {    it(""normalizes a Messenger deep link into an i"
apps/image-gen/server/experienceRouting.test.ts,.,"import { beforeEach, describe, expect, it, vi } from ""vitest"";    const {    sendImageMock,    sendQuickRepliesMock,    sendTextMock,    safeLogMock,  } = vi.hoisted(() => ({    sendImageMock: vi.fn(a"
apps/image-gen/server/faceMemory.test.ts,.,"import { afterEach, beforeEach, describe, expect, it, vi } from ""vitest"";    const { storageDeleteMock } = vi.hoisted(() => ({    storageDeleteMock: vi.fn(async () => undefined),  }));    vi.mock(""./s"
apps/image-gen/server/generatedImageStore.test.ts,.,"import { describe, expect, it } from ""vitest"";    import {    buildGeneratedImageUrl,    getGeneratedImage,    hashGeneratedImageToken,    putGeneratedImage,  } from ""./_core/generatedImageStore"";    "
apps/image-gen/server/generationDiagnostics.test.ts,.,"import { afterEach, beforeEach, describe, expect, it, vi } from ""vitest"";  import { emitGenerationDiagnostic, hashSenderId } from ""./_core/generationDiagnostics"";  import { toUserKey } from ""./_core/p"
apps/image-gen/server/generationFlow.test.ts,.,"import { afterEach, describe, expect, it, vi } from ""vitest"";    const { createImageGeneratorMock, storageGetMock } = vi.hoisted(() => ({    createImageGeneratorMock: vi.fn(),    storageGetMock: vi.fn"
apps/image-gen/server/generationGuard.test.ts,.,"import { afterEach, beforeEach, describe, expect, it, vi } from ""vitest"";    const stateStoreMocks = vi.hoisted(() => ({    deleteEphemeralKeyIfValue: vi.fn(),    hasEphemeralKey: vi.fn(),    isRedisS"
apps/image-gen/server/httpRateLimit.test.ts,.,"import http from ""node:http"";  import express from ""express"";  import { afterEach, describe, expect, it } from ""vitest"";    import { createGlobalHttpRateLimiter } from ""./_core/httpRateLimit"";  import"
apps/image-gen/server/identityAiV1.test.ts,.,"import { describe, expect, it } from ""vitest"";  import {    getIdentityAiV1AnswerIdsByQuestion,    isIdentityAiV1SessionResumable,    resolveIdentityAiV1Archetype,  } from ""./_core/identityAiV1"";    d"
apps/image-gen/server/identityGameSessionState.asyncExpiry.test.ts,.,"import { beforeEach, describe, expect, it, vi } from ""vitest"";    const readScopedStateMock = vi.fn();    vi.mock(""./_core/stateStore"", () => ({    deleteScopedState: vi.fn(),    isPromiseLike: (value"
apps/image-gen/server/identityGameSessionState.rollback.test.ts,.,"import { beforeEach, describe, expect, it, vi } from ""vitest"";    const deleteScopedStateMock = vi.fn();  const readScopedStateMock = vi.fn();  const writeScopedStateMock = vi.fn();    vi.mock(""./_cor"
apps/image-gen/server/identityGameSessionState.test.ts,.,"import { describe, expect, it } from ""vitest"";  import type { ActiveExperience } from ""./_core/activeExperience"";  import {    clearIdentityGameSession,    getIdentityGameSessionByActiveExperience,   "
apps/image-gen/server/identityGameVariants.test.ts,.,"import http from ""node:http"";  import express from ""express"";  import { describe, expect, it } from ""vitest"";  import {    assertIdentityGameVariantCatalog,    GAME_VARIANTS,    registerIdentityGameSh"
apps/image-gen/server/imageProvider.test.ts,.,"import { afterEach, describe, expect, it, vi } from ""vitest"";  import {    createImageGenerator,    getGeneratorStartupConfig,    OpenAiImageGenerator,  } from ""./_core/imageService"";  import { buildD"
apps/image-gen/server/imageService.proof.test.ts,.,"import { afterEach, beforeEach, describe, expect, it, vi } from ""vitest"";  import { OpenAiImageGenerator } from ""./_core/imageService"";  import { InvalidSourceImageUrlError } from ""./_core/image-gener"
apps/image-gen/server/imageService.storage.test.ts,.,"import { afterEach, beforeEach, describe, expect, it, vi } from ""vitest"";  import { setSourceImageDnsLookupForTests } from ""./_core/image-generation/sourceImageFetcher"";    const GENERATED_IMAGE_BASE6"
apps/image-gen/server/messengerApi.retry.test.ts,.,"import { afterEach, beforeEach, describe, expect, it, vi } from ""vitest"";  import { sendImage, sendText } from ""./_core/messengerApi"";  import { resetStateStore, setLastUserMessageAt } from ""./_core/m"
apps/image-gen/server/messengerGenerationCompletion.test.ts,.,"import { afterEach, describe, expect, it } from ""vitest"";    import {    deleteMessengerGenerationCompletionsForUser,    getMessengerGenerationCompletion,    markMessengerGenerationCompleted,  } from "
apps/image-gen/server/messengerGenerationQueue.test.ts,.,"import { afterEach, describe, expect, it, vi } from ""vitest"";    const { getRedisClientMock, isRedisEnabledMock } = vi.hoisted(() => ({    getRedisClientMock: vi.fn(),    isRedisEnabledMock: vi.fn(() "
apps/image-gen/server/messengerQuota.test.ts,.,"import { afterAll, beforeAll, beforeEach, describe, expect, it, vi } from ""vitest"";  import { canGenerate, increment } from ""./_core/messengerQuota"";  import { getOrCreateState, resetStateStore, setFl"
apps/image-gen/server/messengerState.test.ts,.,"import { afterAll, beforeAll, beforeEach, describe, expect, it } from ""vitest"";  import {    anonymizePsid,    getOrCreateState,    getQuickRepliesForState,    getStyleRepliesForCategory,    resetStat"
apps/image-gen/server/messengerStateNormalization.test.ts,.,"import { afterEach, beforeEach, describe, expect, it } from ""vitest"";  import {    createDefaultState,    getDayKey,    getUserKey,    normalizeState,  } from ""./_core/messengerStateNormalization"";   "
apps/image-gen/server/messengerStyles.test.ts,.,"import { describe, expect, it } from ""vitest"";  import {    STYLE_CATEGORY_CONFIGS,    getStylesForCategory,  } from ""./_core/messengerStyles"";    describe(""messengerStyles"", () => {    it(""exposes ca"
apps/image-gen/server/messengerWebhook.greeting.test.ts,.,"import { describe, expect, it } from ""vitest"";  import { getGreetingResponse } from ""./_core/webhookHelpers"";    describe(""greeting handling by conversation state"", () => {    it(""returns processing t"
apps/image-gen/server/messengerWebhook.photoFirst.test.ts,.,"import { afterAll, afterEach, beforeAll, beforeEach, describe, expect, it, vi } from ""vitest"";    const {    sendButtonTemplateMock,    sendGenericTemplateMock,    sendImageMock,    sendQuickRepliesMo"
apps/image-gen/server/messengerWebhook.test.ts,.,"import {    afterAll,    afterEach,    beforeAll,    beforeEach,    describe,    expect,    it,    vi,  } from ""vitest"";    const {    sendGenericTemplateMock,    sendImageMock,    sendQuickRepliesMoc"
apps/image-gen/server/messengerWebhook.validation.test.ts,.,"import { createHmac } from ""node:crypto"";  import http from ""node:http"";  import express from ""express"";  import { afterEach, beforeEach, describe, expect, it, vi } from ""vitest"";  import { bindTestHt"
apps/image-gen/server/messengerWebhook.verification.test.ts,.,"import http from ""node:http"";  import express from ""express"";  import {    afterEach,    describe,    expect,    it,    vi,  } from ""vitest"";  import {    verifyMetaWebhookSignature,  } from ""./_core/"
apps/image-gen/server/oauth.security.test.ts,.,"import http from ""node:http"";  import express from ""express"";  import { afterEach, beforeEach, describe, expect, it, vi } from ""vitest"";  import { registerOAuthRoutes } from ""./_core/oauth"";  import {"
apps/image-gen/server/oauthNonce.test.ts,.,"import { afterEach, describe, expect, it, vi } from ""vitest"";    import { createOAuthNonce } from ""../client/src/const"";    type MutableCrypto = Crypto & {    randomUUID?: () => string;    getRandomVa"
apps/image-gen/server/observability.test.ts,.,"import http from ""node:http"";  import express from ""express"";  import { describe, expect, it } from ""vitest"";    import {    attachRequestTracing,    getRequestId,    getTraceContext,    recordHttpReq"
apps/image-gen/server/privacy.test.ts,.,"import { afterAll, beforeAll, beforeEach, describe, expect, it } from ""vitest"";  import { toUserKey } from ""./_core/privacy"";    const TEST_PEPPER = ""ci-test-pepper"";  const originalPrivacyPepper = pr"
apps/image-gen/server/quota.test.ts,.,"import { describe, expect, it, beforeEach, vi } from ""vitest"";  import { canUserGenerateImage, incrementUserQuota } from ""./db"";    /**   * Test suite for daily quota enforcement   * Ensures users can"
apps/image-gen/server/readiness.test.ts,.,"import http from ""node:http"";  import express from ""express"";  import { describe, expect, it, vi } from ""vitest"";    import { createReadinessHandler, type ReadinessCheck } from ""./_core/readiness"";  i"
apps/image-gen/server/routers.ts,.,"import { COOKIE_NAME } from ""@shared/const"";  import { getSessionCookieOptions } from ""./_core/cookies"";  import { systemRouter } from ""./_core/systemRouter"";  import { publicProcedure, router } from "
apps/image-gen/server/sdk.oauthConfig.test.ts,.,"import { afterEach, describe, expect, it, vi } from ""vitest"";  import { assertAuthConfig } from ""./_core/env"";    describe.sequential(""OAuth SDK configuration guard"", () => {    const originalOAuthUrl"
apps/image-gen/server/sdk.session.test.ts,.,"import { afterEach, describe, expect, it, vi } from ""vitest"";    const originalJwtSecret = process.env.JWT_SECRET;  const originalAppId = process.env.VITE_APP_ID;    afterEach(() => {    if (originalJ"
apps/image-gen/server/securityHeaders.test.ts,.,"import http from ""node:http"";  import express from ""express"";  import { afterEach, describe, expect, it } from ""vitest"";  import { applySecurityHeaders } from ""./_core/securityHeaders"";  import { bind"
apps/image-gen/server/serveStatic.production.test.ts,.,"import express from ""express"";  import fs from ""node:fs"";  import os from ""node:os"";  import path from ""node:path"";  import { afterEach, describe, expect, it } from ""vitest"";    import { registerMetaW"
apps/image-gen/server/sharedTextHandler.test.ts,.,"import { afterEach, beforeEach, describe, expect, it, vi } from ""vitest"";    const { safeLogMock } = vi.hoisted(() => ({    safeLogMock: vi.fn(),  }));    vi.mock(""./_core/messengerApi"", () => ({    s"
apps/image-gen/server/sourceImageStore.test.ts,.,"import { afterEach, describe, expect, it, vi } from ""vitest"";    const { storagePutMock } = vi.hoisted(() => ({    storagePutMock: vi.fn(),  }));    vi.mock(""./storage"", () => ({    storagePut: storag"
apps/image-gen/server/stateStore.config.test.ts,.,"import { afterEach, describe, expect, it } from ""vitest"";    import { assertProductionStateStoreConfig } from ""./_core/stateStore"";    describe(""stateStore production config"", () => {    const origina"
apps/image-gen/server/stateStore.test.ts,.,"import { afterEach, beforeEach, describe, expect, it, vi } from ""vitest"";  import {    clearStateStore,    deleteEphemeralKeyIfValue,    findInMemoryState,    getOrCreateStoredState,    hasEphemeralKe"
apps/image-gen/server/storage.test.ts,.,"import { afterEach, describe, expect, it, vi } from ""vitest"";  import { storageGet, storageKeyFromPublicUrl, storagePut } from ""./storage"";    describe(""storageKeyFromPublicUrl"", () => {    const orig"
apps/image-gen/server/storage.ts,.,"// Preconfigured storage helpers for Manus WebDev templates  // Uses the Biz-provided storage proxy (Authorization: Bearer <token>)    import { getForgeApiBaseUrlOrThrow } from ""./_core/env"";    type "
apps/image-gen/server/testConsentHelpers.ts,.,"import { setConsentState } from ""./_core/messengerState"";    function asArray(value: unknown): unknown[] {    return Array.isArray(value) ? value : [];  }    function collectSenderIds(    values: unkn"
apps/image-gen/server/testHttpServer.ts,.,"import type http from ""node:http"";    export async function bindTestHttpServer(server: http.Server): Promise<{    baseUrl: string;    close: () => Promise<void>;    port: number;  }> {    await new Pr"
apps/image-gen/server/webhookHelpers.styleNormalization.test.ts,.,"import { describe, expect, it } from ""vitest"";  import {    normalizeStyle,    parseReferralStyle,    parseStyle,    stylePayloadToStyle,  } from ""./_core/webhookHelpers"";    describe(""style normaliza"
apps/image-gen/server/webhookIngressQueue.test.ts,.,"import { afterEach, describe, expect, it, vi } from ""vitest"";    const {    getRedisClientMock,    isRedisEnabledMock,    processFacebookWebhookPayloadMock,    processWhatsAppWebhookPayloadMock,  } = "
apps/image-gen/server/webhookReplayProtection.test.ts,.,"import { afterEach, describe, expect, it } from ""vitest"";    import { assertProductionWebhookReplayProtectionConfig } from ""./_core/webhookReplayProtection"";    const originalNodeEnv = process.env.NOD"
apps/image-gen/server/webhookSignatureVerification.test.ts,.,"import { createHmac } from ""node:crypto"";  import http from ""node:http"";  import express, { type Request, type Response } from ""express"";  import { afterEach, describe, expect, it } from ""vitest"";  im"
apps/image-gen/server/whatsappWebhook.test.ts,.,"import { afterAll, afterEach, beforeAll, beforeEach, describe, expect, it, vi } from ""vitest"";    const {    downloadWhatsAppMediaMock,    sendWhatsAppButtonsMock,    sendWhatsAppImageMock,    sendWha"
apps/image-gen/shared/_core/errors.ts,.,"/**   * Base HTTP error class with status code.   * Throw this from route handlers to send specific HTTP errors.   */  class HttpError extends Error {    constructor(      public statusCode: number,  "
apps/image-gen/shared/const.ts,.,"export const COOKIE_NAME = ""app_session_id"";  export const ONE_YEAR_MS = 1000 * 60 * 60 * 24 * 365;  export const AXIOS_TIMEOUT_MS = 30_000;  export const UNAUTHED_ERR_MSG = 'Please login (10001)';  e"
apps/image-gen/shared/types.ts,.,"/**   * Unified type exports   * Import shared types from this single entry point.   */    export type * from ""../drizzle/schema"";  export * from ""./_core/errors"";  "
apps/image-gen/tsconfig.json,.,"{    ""include"": [""client/src/**/*"", ""shared/**/*"", ""server/**/*""],    ""exclude"": [""node_modules"", ""build"", ""dist"", ""**/*.test.ts""],    ""compilerOptions"": {      ""incremental"": true,      ""tsBuildInfoF"
apps/image-gen/vite.config.ts,.,"import { jsxLocPlugin } from ""@builder.io/vite-plugin-jsx-loc"";  import tailwindcss from ""@tailwindcss/vite"";  import react from ""@vitejs/plugin-react"";  import path from ""node:path"";  import { define"
apps/image-gen/vitest.config.ts,.,"import { defineConfig } from ""vitest/config"";  import path from ""path"";    const templateRoot = path.resolve(import.meta.dirname);    export default defineConfig({    root: templateRoot,    resolve: {"
channel-plugin-api.ts,.,"export { messengerPlugin } from ""./src/channel.js""; "
configured-state.test.ts,.,"import { describe, expect, it } from ""vitest"";  import { hasFacebookConfiguredState, hasMessengerConfiguredState } from ""./configured-state.js"";    describe(""hasFacebookConfiguredState"", () => {    it"
configured-state.ts,.,"import { hasFacebookConfiguredEnv } from ""./src/naming.js"";    export function hasFacebookConfiguredState(params: { env?: NodeJS.ProcessEnv }): boolean {    return hasFacebookConfiguredEnv(params.env)"
deploy/fly-gateway/bin/start-gateway.mjs,.,"#!/usr/bin/env node  import { spawn } from ""node:child_process"";  import fs from ""node:fs"";  import path from ""node:path"";  import { pathToFileURL } from ""node:url"";  import process from ""node:process"
deploy/fly-gateway/start-gateway.test.mjs,.,"import fs from ""node:fs"";  import os from ""node:os"";  import path from ""node:path"";  import { spawnSync } from ""node:child_process"";  import { afterEach, describe, expect, it } from ""vitest"";    const"
fly.toml,.,"# Fly.io deployment config for the public Messenger gateway.  # Deploy from the openclaw-facebook repository root.    app = ""leaderbot-openclaw-gateway""  primary_region = ""ams""    [build]  dockerfile "
index.ts,.,"import { defineChannelPluginEntry } from ""openclaw/plugin-sdk/channel-core""; import type {   ChannelPlugin,   OpenClawPluginApi,   PluginRuntime, } from ""openclaw/plugin-sdk/core""; import { messengerP"
manifest.test.ts,.,"import { readFileSync } from ""node:fs"";  import { describe, expect, it } from ""vitest"";  import { MessengerConfigSchema } from ""./src/config-schema.js"";    describe(""openclaw plugin manifest"", () => {"
openclaw.plugin.json,.,"{    ""id"": ""facebook"",    ""legacyPluginIds"": [""messenger""],    ""activation"": {      ""onStartup"": false    },    ""channels"": [""facebook""],    ""channelEnvVars"": {      ""facebook"": [        ""FACEBOOK_PAG"
package.json,.,"{    ""name"": ""@dj-shortcut/facebook"",    ""version"": ""2026.5.27"",    ""private"": true,    ""description"": ""OpenClaw Facebook channel plugin"",    ""type"": ""module"",    ""license"": ""MIT"",    ""engines"": {    "
runtime-api.ts,.,"export type {    ChannelPlugin,    OpenClawConfig,    OpenClawPluginApi,    PluginRuntime,  } from ""openclaw/plugin-sdk/core"";  export { clearAccountEntryFields } from ""openclaw/plugin-sdk/core"";  exp"
scripts/run-vitest.mjs,.,import { spawnSync } from 'node:child_process';    const nodeOptions = process.env.NODE_OPTIONS?.trim();  process.env.NODE_OPTIONS = nodeOptions    ? `${nodeOptions} --import=./vitest.node-polyfill.mj
setup-entry.ts,.,"import { defineSetupPluginEntry } from ""openclaw/plugin-sdk/channel-core""; import { messengerSetupPlugin } from ""./src/channel.setup.js"";  export default defineSetupPluginEntry(messengerSetupPlugin); "
src/accounts.test.ts,.,"import { afterEach, describe, expect, it } from ""vitest"";  import { resolveMessengerAccount } from ""./accounts.js"";    describe(""resolveMessengerAccount"", () => {    const originalEnv = { ...process.e"
src/accounts.ts,.,"import {   DEFAULT_ACCOUNT_ID,   normalizeAccountId as normalizeSharedAccountId,   normalizeOptionalAccountId, } from ""openclaw/plugin-sdk/account-id""; import type { OpenClawConfig } from ""openclaw/pl"
src/channel-api.ts,.,"export { clearAccountEntryFields } from ""openclaw/plugin-sdk/core""; import { DEFAULT_ACCOUNT_ID } from ""openclaw/plugin-sdk/account-id""; import type { OpenClawConfig } from ""openclaw/plugin-sdk/accoun"
src/channel-shared.ts,.,"import { describeWebhookAccountSnapshot } from ""openclaw/plugin-sdk/account-helpers"";  import { type ChannelPlugin, type ResolvedMessengerAccount } from ""./channel-api.js"";  import { messengerConfigAd"
src/channel.setup.ts,.,"import { type ChannelPlugin, type ResolvedMessengerAccount } from ""./channel-api.js""; import { messengerChannelPluginCommon } from ""./channel-shared.js""; import { messengerSetupAdapter } from ""./setup"
src/channel.ts,.,"import { createChatChannelPlugin } from ""openclaw/plugin-sdk/channel-core""; import { createPairingPrefixStripper } from ""openclaw/plugin-sdk/channel-pairing""; import { createRestrictSendersChannelSecu"
src/config-adapter.ts,.,"import { formatAllowFromLowercase } from ""openclaw/plugin-sdk/allow-from""; import {   adaptScopedAccountAccessor,   createScopedChannelConfigAdapter, } from ""openclaw/plugin-sdk/channel-config-helpers"
src/config-schema.ts,.,"import {   buildChannelConfigSchema,   requireOpenAllowFrom, } from ""openclaw/plugin-sdk/channel-config-schema""; import { requireChannelOpenAllowFrom } from ""openclaw/plugin-sdk/extension-shared""; imp"
src/gateway.ts,.,"import { createLazyRuntimeModule } from ""openclaw/plugin-sdk/lazy-runtime""; import { resolveMessengerAccount } from ""./accounts.js""; import {   clearAccountEntryFields,   DEFAULT_ACCOUNT_ID,   type Ch"
src/inspect.ts,.,"import type { OpenClawConfig } from ""openclaw/plugin-sdk/account-resolution""; import { resolveMessengerAccount } from ""./accounts.js""; import { hasMessengerCredentials } from ""./channel-shared.js"";  e"
src/monitor.test.ts,.,"import { describe, expect, it } from ""vitest"";  import {    classifyMessengerFastLaneIntent,    formatUnmatchedMessengerPageLog,    hasMessengerImageGenerationIntent,    redactMessengerIdentifier,    "
src/monitor.ts,.,"import { createHash } from ""node:crypto"";  import { mkdir, writeFile } from ""node:fs/promises"";  import { extname, join } from ""node:path"";  import { monitorEventLoopDelay, performance } from ""node:pe"
src/naming.ts,.,"import type { OpenClawConfig } from ""openclaw/plugin-sdk/account-resolution""; import type { MessengerConfig } from ""./types.js"";  export const FACEBOOK_CHANNEL_ID = ""facebook""; export const LEGACY_MES"
src/outbound.ts,.,"import {   defineChannelMessageAdapter,   type ChannelMessageSendResult, } from ""openclaw/plugin-sdk/channel-message""; import {   createAttachedChannelResultAdapter,   createEmptyChannelResult, } from"
src/probe.ts,.,"import { formatErrorMessage } from ""openclaw/plugin-sdk/error-runtime""; import type { MessengerProbeResult } from ""./types.js"";  const DEFAULT_GRAPH_API_VERSION = ""v20.0"";  export async function probe"
src/runtime.ts,.,"import type { PluginRuntime } from ""openclaw/plugin-sdk/core"";  import { createPluginRuntimeStore } from ""openclaw/plugin-sdk/runtime-store"";    type MessengerChannelRuntime = {    monitorMessengerPro"
src/send-receipt.ts,.,"import type { MessageReceipt } from ""openclaw/plugin-sdk/channel-message"";  export function createMessengerSendReceipt(params: {   messageId: string;   recipientId: string; }): MessageReceipt {   retu"
src/send.test.ts,.,"import { afterEach, describe, expect, it, vi } from ""vitest"";  import { sendMessengerSenderAction, sendMessengerText } from ""./send.js"";    describe(""sendMessengerText"", () => {    afterEach(() => {  "
src/send.ts,.,"import { formatErrorMessage } from ""openclaw/plugin-sdk/error-runtime"";  import { resolveMessengerAccount } from ""./accounts.js"";  import type { OpenClawConfig } from ""./channel-api.js"";  import { str"
src/setup-core.ts,.,"import type { ChannelSetupAdapter, OpenClawConfig } from ""openclaw/plugin-sdk/setup""; import { createSetupInputPresenceValidator } from ""openclaw/plugin-sdk/setup""; import {   DEFAULT_ACCOUNT_ID,   li"
src/setup-surface.test.ts,.,"import { describe, expect, it } from ""vitest"";  import { messengerSetupWizard } from ""./setup-surface.js"";    describe(""messengerSetupWizard"", () => {    it(""adds wildcard allowFrom when switching to "
src/setup-surface.ts,.,"import {   createAllowFromSection,   createStandardChannelSetupStatus,   mergeAllowFromEntries, } from ""openclaw/plugin-sdk/setup""; import {   DEFAULT_ACCOUNT_ID,   formatDocsLink,   setSetupChannelEn"
src/signature.test.ts,.,"import { createHmac } from ""node:crypto""; import { describe, expect, it } from ""vitest""; import { validateMessengerSignature } from ""./signature.js"";  describe(""validateMessengerSignature"", () => {   "
src/signature.ts,.,"import { createHmac, timingSafeEqual } from ""node:crypto"";  export function validateMessengerSignature(   rawBody: string,   signatureHeader: string,   appSecret: string, ): boolean {   const signatur"
src/status.test.ts,.,"import { describe, expect, it } from ""vitest""; import { messengerStatusAdapter } from ""./status.js""; import type { ResolvedMessengerAccount } from ""./types.js"";  describe(""messengerStatusAdapter"", () "
src/status.ts,.,"import { createLazyRuntimeModule } from ""openclaw/plugin-sdk/lazy-runtime""; import {   buildTokenChannelStatusSummary,   createComputedAccountStatusAdapter,   createDefaultChannelRuntimeState,   creat"
src/types.ts,.,"import type { BaseProbeResult } from ""openclaw/plugin-sdk/channel-contract"";  import type { MessageReceipt } from ""openclaw/plugin-sdk/channel-message"";    export type MessengerTokenSource = ""config"" "
src/webhook.test.ts,.,"import { describe, expect, it } from ""vitest"";  import {    extractMessengerAttachmentUrls,    extractMessengerImageAttachmentUrls,    extractMessengerInboundMessages,    extractMessengerTextMessages,"
src/webhook.ts,.,"import type { IncomingMessage, ServerResponse } from ""node:http"";  import { readWebhookBodyOrReject } from ""openclaw/plugin-sdk/webhook-request-guards"";  import { validateMessengerSignature } from ""./"
tsconfig.json,.,"{   ""compilerOptions"": {     ""declaration"": true,     ""esModuleInterop"": true,     ""forceConsistentCasingInFileNames"": true,     ""lib"": [""DOM"", ""DOM.Iterable"", ""ES2023""],     ""module"": ""NodeNext"",    "
vitest.node-polyfill.mjs,.,import { createRequire } from 'node:module';    const require = createRequire(import.meta.url);  const workerThreads = require('node:worker_threads');    if (typeof workerThreads.markAsUncloneable !==
